"","text","favorited","favoriteCount","replyToSN","created","truncated","replyToSID","id","replyToUID","statusSource","screenName","retweetCount","isRetweet","retweeted","longitude","latitude"
"1","#<U+C9C0><U+C9C4> 22:51:14 [Report 1] Miyagi Prefecture offing M3.5 Depth 40km Maximum seismic intensity 2 #Earthquake",FALSE,0,NA,2016-10-11 13:51:21,FALSE,NA,"785840212647768068",NA,"<a href=""http://kyomoniex.web.fc2.com/"" rel=""nofollow"">Earthquake Monitor Ex (<U+5F37><U+9707><U+30E2><U+30CB><U+30BF>Ex)</a>","IEgg_95",0,FALSE,FALSE,NA,NA
"2","#earthquake #<U+C9C0><U+C9C4> #<U+5730><U+9707> ird2016tyto (OK) SE of Loyalty Islands mb 4.9 2016/10/10 22:19:35 https://t.co/QQnITIu8M4 https://t.co/h1ajEawYcz",FALSE,0,NA,2016-10-11 01:03:41,FALSE,NA,"785647023395516416",NA,"<a href=""http://www.seisme.nc"" rel=""nofollow"">Twurl2</a>","NCseismicobserv",0,FALSE,FALSE,NA,NA
"3","#earthquake #<U+C9C0><U+C9C4> #<U+5730><U+9707> ird2016tymc (OK) Off E. Coast of N. Is., NZ MLv 3.8 2016/10/10 18:33:09 https://t.co/YU3Q0XkhDV https://t.co/swgowrZJon",FALSE,0,NA,2016-10-11 00:48:26,FALSE,NA,"785643186014212097",NA,"<a href=""http://www.seisme.nc"" rel=""nofollow"">Twurl2</a>","NCseismicobserv",0,FALSE,FALSE,NA,NA
"4","#earthquake #<U+C9C0><U+C9C4> #<U+5730><U+9707> ird2016tylf (OK) Celebes Sea mb 3.7 2016/10/10 18:06:51 https://t.co/8ierB2Pacb https://t.co/unsEe9CcUV",FALSE,0,NA,2016-10-11 00:46:55,FALSE,NA,"785642805141966849",NA,"<a href=""http://www.seisme.nc"" rel=""nofollow"">Twurl2</a>","NCseismicobserv",0,FALSE,FALSE,NA,NA
"5","#earthquake #<U+C9C0><U+C9C4> #<U+5730><U+9707> ird2016tyig (OK) North Island, New Zealand MLv 3.2 2016/10/10 16:36:42 https://t.co/3pn0L0Jx4S https://t.co/T3XclHf27S",FALSE,0,NA,2016-10-11 00:43:44,FALSE,NA,"785642003916664832",NA,"<a href=""http://www.seisme.nc"" rel=""nofollow"">Twurl2</a>","NCseismicobserv",0,FALSE,FALSE,NA,NA
"6","#earthquake #<U+C9C0><U+C9C4> #<U+5730><U+9707> ird2016tyhy (OK) Fiji Islands Region mb 4.4 2016/10/10 16:26:42 https://t.co/ZNx6MBReP4 https://t.co/Eq0WhKGcJJ",FALSE,0,NA,2016-10-11 00:32:10,FALSE,NA,"785639090582462464",NA,"<a href=""http://www.seisme.nc"" rel=""nofollow"">Twurl2</a>","NCseismicobserv",0,FALSE,FALSE,NA,NA
"7","#earthquake #<U+C9C0><U+C9C4> #<U+5730><U+9707> ird2016tygj (OK) Off W. Coast of N. Is., NZ MLv 3.2 2016/10/10 15:39:18 https://t.co/RsEQb3e5xn https://t.co/rEC7nJurz6",FALSE,0,NA,2016-10-11 00:15:33,FALSE,NA,"785634910123859968",NA,"<a href=""http://www.seisme.nc"" rel=""nofollow"">Twurl2</a>","NCseismicobserv",0,FALSE,FALSE,NA,NA
"8","#earthquake #<U+C9C0><U+C9C4> #<U+5730><U+9707> ird2016txzu (OK) Off E. Coast of N. Is., NZ MLv 4.2 2016/10/10 12:20:19 https://t.co/Fvfaovgkyw https://t.co/EtDDRb4htg",FALSE,0,NA,2016-10-11 00:04:27,FALSE,NA,"785632115278778368",NA,"<a href=""http://www.seisme.nc"" rel=""nofollow"">Twurl2</a>","NCseismicobserv",0,FALSE,FALSE,NA,NA
"9","#earthquake #<U+C9C0><U+C9C4> #<U+5730><U+9707> ird2016txwk (OK) Samoa Islands MLv 3.1 2016/10/10 10:43:30 https://t.co/DJ6rOf9K3A https://t.co/eZwxNGyVdb",FALSE,0,NA,2016-10-10 23:47:48,FALSE,NA,"785627926012100608",NA,"<a href=""http://www.seisme.nc"" rel=""nofollow"">Twurl2</a>","NCseismicobserv",0,FALSE,FALSE,NA,NA
"10","#earthquake #<U+C9C0><U+C9C4> #<U+5730><U+9707> ird2016txsf (OK) Tonga Islands mb 5.1 2016/10/10 08:35:13 https://t.co/8Fcmt62U5V https://t.co/AEqraL3vP5",FALSE,0,NA,2016-10-10 23:36:34,FALSE,NA,"785625099269320704",NA,"<a href=""http://www.seisme.nc"" rel=""nofollow"">Twurl2</a>","NCseismicobserv",0,FALSE,FALSE,NA,NA
"11","#earthquake #<U+C9C0><U+C9C4> #<U+5730><U+9707> ird2016txse (OK) Celebes Sea mb 4.5 2016/10/10 08:29:32 https://t.co/5IrLcGx9VP https://t.co/caR21t1Zm5",FALSE,0,NA,2016-10-10 23:22:10,FALSE,NA,"785621474983809024",NA,"<a href=""http://www.seisme.nc"" rel=""nofollow"">Twurl2</a>","NCseismicobserv",0,FALSE,FALSE,NA,NA
"12","#earthquake #<U+C9C0><U+C9C4> #<U+5730><U+9707> ird2016txrq (OK) Loyalty Islands MLv 3.5 2016/10/10 08:12:33 https://t.co/fNABrizTnu https://t.co/hlREy5LI7u",FALSE,0,NA,2016-10-10 23:19:20,FALSE,NA,"785620763483119616",NA,"<a href=""http://www.seisme.nc"" rel=""nofollow"">Twurl2</a>","NCseismicobserv",0,FALSE,FALSE,NA,NA
"13","#earthquake #<U+C9C0><U+C9C4> #<U+5730><U+9707> ird2016txrd (OK) SE of Loyalty Islands MLv 3.6 2016/10/10 08:01:18 https://t.co/XkDeTd4Hic https://t.co/H93M3DsvCX",FALSE,0,NA,2016-10-10 23:16:06,FALSE,NA,"785619950111035392",NA,"<a href=""http://www.seisme.nc"" rel=""nofollow"">Twurl2</a>","NCseismicobserv",0,FALSE,FALSE,NA,NA
"14","#earthquake #<U+C9C0><U+C9C4> #<U+5730><U+9707> ird2016txnh (OK) Off E. Coast of N. Is., NZ MLv 4.3 2016/10/10 06:01:04 https://t.co/agSA9ihnsV https://t.co/waizcwfAkX",FALSE,0,NA,2016-10-10 23:05:57,FALSE,NA,"785617395985502208",NA,"<a href=""http://www.seisme.nc"" rel=""nofollow"">Twurl2</a>","NCseismicobserv",0,FALSE,FALSE,NA,NA
"15","#earthquake #<U+C9C0><U+C9C4> #<U+5730><U+9707> ird2016tyto (tmp) SE of Loyalty Islands MLv 5.5 2016/10/10 22:19:24 https://t.co/QQnITIu8M4 https://t.co/jMtT7Q53yp",FALSE,0,NA,2016-10-10 22:27:15,FALSE,NA,"785607653342842884",NA,"<a href=""http://www.seisme.nc"" rel=""nofollow"">Twurl2</a>","NCseismicobserv",0,FALSE,FALSE,NA,NA
"16","#earthquake #<U+C9C0><U+C9C4> #<U+5730><U+9707> ird2016tyto (tmp) SE of Loyalty Islands MLv 5.2 2016/10/10 22:19:37 https://t.co/QQnITIu8M4 https://t.co/mu4BOvfmhS",FALSE,0,NA,2016-10-10 22:25:27,FALSE,NA,"785607201180102656",NA,"<a href=""http://www.seisme.nc"" rel=""nofollow"">Twurl2</a>","NCseismicobserv",0,FALSE,FALSE,NA,NA
"17","#<U+C9C0><U+C9C4> 01:01:12 [Report 1] Fukushima Prefecture offing M3.9 Depth 40km Maximum seismic intensity 2 #Earthquake",FALSE,0,NA,2016-10-10 16:01:19,FALSE,NA,"785510529934643200",NA,"<a href=""http://kyomoniex.web.fc2.com/"" rel=""nofollow"">Earthquake Monitor Ex (<U+5F37><U+9707><U+30E2><U+30CB><U+30BF>Ex)</a>","IEgg_95",0,FALSE,FALSE,NA,NA
"18","#earthquake #<U+C9C0><U+C9C4> #<U+5730><U+9707> ird2016txhi (OK) Off E. Coast of N. Is., NZ MLv 3.8 2016/10/10 03:00:26 https://t.co/5XLwt7gwYT https://t.co/FW8XUkL4g2",FALSE,0,NA,2016-10-10 03:37:02,FALSE,NA,"785323227480412160",NA,"<a href=""http://www.seisme.nc"" rel=""nofollow"">Twurl2</a>","NCseismicobserv",0,FALSE,FALSE,NA,NA
"19","#earthquake #<U+C9C0><U+C9C4> #<U+5730><U+9707> ird2016twyq (OK) SE of Loyalty Islands MLv 3.2 2016/10/09 22:39:45 https://t.co/1SbboaafHa https://t.co/i05xRs8zTM",FALSE,0,NA,2016-10-10 00:37:42,FALSE,NA,"785278097205571584",NA,"<a href=""http://www.seisme.nc"" rel=""nofollow"">Twurl2</a>","NCseismicobserv",0,FALSE,FALSE,NA,NA
"20","#earthquake #<U+C9C0><U+C9C4> #<U+5730><U+9707> ird2016twvn (OK) South of Kermadec Islands mb 4.5 2016/10/09 21:04:11 https://t.co/A65RgyIohi https://t.co/WS0VOjFaWt",FALSE,0,NA,2016-10-10 00:30:52,FALSE,NA,"785276377268269057",NA,"<a href=""http://www.seisme.nc"" rel=""nofollow"">Twurl2</a>","NCseismicobserv",0,FALSE,FALSE,NA,NA
"21","RT @NCseismicobserv: #earthquake #<U+C9C0><U+C9C4> #<U+5730><U+9707> ird2016twpx (OK) Mindanao, Philippines mb 4.4 2016/10/09 18:12:07 https://t.co/GtsoTpF6vT https://…",FALSE,0,NA,2016-10-10 00:27:24,FALSE,NA,"785275504584630273",NA,"<a href=""http://twitter.com/download/android"" rel=""nofollow"">Twitter for Android</a>","RMSUTJR",1,TRUE,FALSE,NA,NA
"22","#earthquake #<U+C9C0><U+C9C4> #<U+5730><U+9707> ird2016twpx (OK) Mindanao, Philippines mb 4.4 2016/10/09 18:12:07 https://t.co/GtsoTpF6vT https://t.co/zKJKQDkP5H",FALSE,0,NA,2016-10-10 00:22:10,FALSE,NA,"785274186147037184",NA,"<a href=""http://www.seisme.nc"" rel=""nofollow"">Twurl2</a>","NCseismicobserv",1,FALSE,FALSE,NA,NA
"23","#earthquake #<U+C9C0><U+C9C4> #<U+5730><U+9707> ird2016twnk (OK) Near Coast of S. Australia MLv 3.3 2016/10/09 16:57:00 https://t.co/fOAyTczLW3 https://t.co/tKAb1MDTxW",FALSE,0,NA,2016-10-10 00:19:20,FALSE,NA,"785273475413872640",NA,"<a href=""http://www.seisme.nc"" rel=""nofollow"">Twurl2</a>","NCseismicobserv",0,FALSE,FALSE,NA,NA
"24","#earthquake #<U+C9C0><U+C9C4> #<U+5730><U+9707> ird2016twnd (OK) Tonga Islands Region mb 4.9 2016/10/09 16:48:21 https://t.co/kFyOBoEHyA https://t.co/hreY87M7E0",FALSE,0,NA,2016-10-10 00:17:33,FALSE,NA,"785273026136813569",NA,"<a href=""http://www.seisme.nc"" rel=""nofollow"">Twurl2</a>","NCseismicobserv",0,FALSE,FALSE,NA,NA
"25","RT @yoonxjin_: When Jin frightened by the loud noise Jimin do this #jijin #<U+C9C0><U+C9C4> https://t.co/NjLcuO5tL6",FALSE,0,NA,2016-10-09 23:45:07,FALSE,NA,"785264864931352576",NA,"<a href=""http://twitter.com/download/iphone"" rel=""nofollow"">Twitter for iPhone</a>","27Tumblr",45,TRUE,FALSE,NA,NA
"26","#earthquake #<U+C9C0><U+C9C4> #<U+5730><U+9707> ird2016twix (OK) Off E. Coast of N. Is., NZ MLv 3.9 2016/10/09 14:40:12 https://t.co/G7Gj5IfQvT https://t.co/y2YiVJMqy3",FALSE,0,NA,2016-10-09 23:37:59,FALSE,NA,"785263069702131712",NA,"<a href=""http://www.seisme.nc"" rel=""nofollow"">Twurl2</a>","NCseismicobserv",0,FALSE,FALSE,NA,NA
"27","#earthquake #<U+C9C0><U+C9C4> #<U+5730><U+9707> ird2016tvxk (OK) SE of Loyalty Islands MLv 3.6 2016/10/09 08:52:01 https://t.co/dTLCtQZjkK https://t.co/P54n9vX6Ar",FALSE,0,NA,2016-10-09 23:32:49,FALSE,NA,"785261765961494528",NA,"<a href=""http://www.seisme.nc"" rel=""nofollow"">Twurl2</a>","NCseismicobserv",0,FALSE,FALSE,NA,NA
"28","#earthquake #<U+C9C0><U+C9C4> #<U+5730><U+9707> ird2016tvtm (OK) Off E. Coast of N. Is., NZ MLv 3.9 2016/10/09 06:53:14 https://t.co/aNtk7vgNLf https://t.co/FdVFC057sj",FALSE,0,NA,2016-10-09 22:56:46,FALSE,NA,"785252695435194368",NA,"<a href=""http://www.seisme.nc"" rel=""nofollow"">Twurl2</a>","NCseismicobserv",0,FALSE,FALSE,NA,NA
"29","#earthquake #<U+C9C0><U+C9C4> #<U+5730><U+9707> ird2016tvsv (OK) Off E. Coast of N. Is., NZ MLv 3.9 2016/10/09 06:32:21 https://t.co/mqj4UWmvNT https://t.co/6v7yakSgGs",FALSE,0,NA,2016-10-09 22:53:53,FALSE,NA,"785251971733172224",NA,"<a href=""http://www.seisme.nc"" rel=""nofollow"">Twurl2</a>","NCseismicobserv",0,FALSE,FALSE,NA,NA
"30","#<U+C9C0><U+C9C4> 07:15:45 [Report 1] Ibaraki Prefecture offing M3.5 Depth 50km Maximum seismic intensity 2 #Earthquake",FALSE,0,NA,2016-10-09 22:15:49,FALSE,NA,"785242391380754432",NA,"<a href=""http://kyomoniex.web.fc2.com/"" rel=""nofollow"">Earthquake Monitor Ex (<U+5F37><U+9707><U+30E2><U+30CB><U+30BF>Ex)</a>","IEgg_95",0,FALSE,FALSE,NA,NA
"31","RT @yoonxjin_: When Jin frightened by the loud noise Jimin do this #jijin #<U+C9C0><U+C9C4> https://t.co/NjLcuO5tL6",FALSE,0,NA,2016-10-09 17:06:50,FALSE,NA,"785164631211855873",NA,"<a href=""http://twitter.com"" rel=""nofollow"">Twitter Web Client</a>","AnnyuiYang",45,TRUE,FALSE,NA,NA
"32","#earthquake #<U+C9C0><U+C9C4> #<U+5730><U+9707> ird2016twnd (tmp) Tonga Islands Region mb 4.9 2016/10/09 16:48:15 https://t.co/kFyOBoEHyA https://t.co/wcgDnot4qA",FALSE,0,NA,2016-10-09 16:58:45,FALSE,NA,"785162598471782400",NA,"<a href=""http://www.seisme.nc"" rel=""nofollow"">Twurl2</a>","NCseismicobserv",0,FALSE,FALSE,NA,NA
"33","RT @yoonxjin_: When Jin frightened by the loud noise Jimin do this #jijin #<U+C9C0><U+C9C4> https://t.co/NjLcuO5tL6",FALSE,0,NA,2016-10-09 12:58:40,FALSE,NA,"785102177002020864",NA,"<a href=""http://twitter.com/download/iphone"" rel=""nofollow"">Twitter for iPhone</a>","InsyirahIsnainy",45,TRUE,FALSE,NA,NA
"34","RT @yoonxjin_: When Jin frightened by the loud noise Jimin do this #jijin #<U+C9C0><U+C9C4> https://t.co/NjLcuO5tL6",FALSE,0,NA,2016-10-09 12:55:10,FALSE,NA,"785101298362441728",NA,"<a href=""http://twitter.com/download/android"" rel=""nofollow"">Twitter for Android</a>","jinnieyoongs",45,TRUE,FALSE,NA,NA
"35","RT @yoonxjin_: When Jin frightened by the loud noise Jimin do this #jijin #<U+C9C0><U+C9C4> https://t.co/NjLcuO5tL6",FALSE,0,NA,2016-10-09 12:51:34,FALSE,NA,"785100390526103552",NA,"<a href=""http://twitter.com/download/iphone"" rel=""nofollow"">Twitter for iPhone</a>","chimchimied",45,TRUE,FALSE,NA,NA
"36","RT @yoonxjin_: When Jin frightened by the loud noise Jimin do this #jijin #<U+C9C0><U+C9C4> https://t.co/NjLcuO5tL6",FALSE,0,NA,2016-10-09 11:31:31,FALSE,NA,"785080248119488513",NA,"<a href=""http://twitter.com/download/iphone"" rel=""nofollow"">Twitter for iPhone</a>","xtrajimin",45,TRUE,FALSE,NA,NA
"37","https://t.co/L7qYTjMHdc  earthquake damage follow to typhoon damage in Yeung-nam, South korea (because they crime) 2016.10.06 news <U+C9C0><U+C9C4> <U+C774><U+C5B4><U+C11C> <U+D0DC><U+D48D>",FALSE,0,NA,2016-10-09 10:19:00,FALSE,NA,"785061997243097088",NA,"<a href=""http://twitter.com"" rel=""nofollow"">Twitter Web Client</a>","DavidofJESUS",0,FALSE,FALSE,NA,NA
"38","RT @yoonxjin_: When Jin frightened by the loud noise Jimin do this #jijin #<U+C9C0><U+C9C4> https://t.co/NjLcuO5tL6",FALSE,0,NA,2016-10-09 09:09:04,FALSE,NA,"785044395875786752",NA,"<a href=""http://twitter.com/download/iphone"" rel=""nofollow"">Twitter for iPhone</a>","Barcelonista_H",45,TRUE,FALSE,NA,NA
"39","RT @yoonxjin_: When Jin frightened by the loud noise Jimin do this #jijin #<U+C9C0><U+C9C4> https://t.co/NjLcuO5tL6",FALSE,0,NA,2016-10-09 08:07:40,FALSE,NA,"785028945745883137",NA,"<a href=""http://twitter.com/download/android"" rel=""nofollow"">Twitter for Android</a>","thuylinh2820",45,TRUE,FALSE,NA,NA
"40","RT @yoonxjin_: When Jin frightened by the loud noise Jimin do this #jijin #<U+C9C0><U+C9C4> https://t.co/NjLcuO5tL6",FALSE,0,NA,2016-10-09 07:51:45,FALSE,NA,"785024939476811776",NA,"<a href=""http://twitter.com/download/iphone"" rel=""nofollow"">Twitter for iPhone</a>","seokxjinnie",45,TRUE,FALSE,NA,NA
"41","RT @yoonxjin_: When Jin frightened by the loud noise Jimin do this #jijin #<U+C9C0><U+C9C4> https://t.co/NjLcuO5tL6",FALSE,0,NA,2016-10-09 07:40:03,FALSE,NA,"785021996132294656",NA,"<a href=""http://twitter.com/download/iphone"" rel=""nofollow"">Twitter for iPhone</a>","cakeots",45,TRUE,FALSE,NA,NA
"42","RT @yoonxjin_: When Jin frightened by the loud noise Jimin do this #jijin #<U+C9C0><U+C9C4> https://t.co/NjLcuO5tL6",FALSE,0,NA,2016-10-09 07:21:02,FALSE,NA,"785017211907891204",NA,"<a href=""http://twitter.com"" rel=""nofollow"">Twitter Web Client</a>","kaktusikjina",45,TRUE,FALSE,NA,NA
"43","RT @yoonxjin_: When Jin frightened by the loud noise Jimin do this #jijin #<U+C9C0><U+C9C4> https://t.co/NjLcuO5tL6",FALSE,0,NA,2016-10-09 07:17:25,FALSE,NA,"785016300007481344",NA,"<a href=""http://twitter.com/download/iphone"" rel=""nofollow"">Twitter for iPhone</a>","pepijin",45,TRUE,FALSE,NA,NA
"44","RT @yoonxjin_: When Jin frightened by the loud noise Jimin do this #jijin #<U+C9C0><U+C9C4> https://t.co/NjLcuO5tL6",FALSE,0,NA,2016-10-09 06:37:35,FALSE,NA,"785006273943130112",NA,"<a href=""http://twitter.com/download/android"" rel=""nofollow"">Twitter for Android</a>","jincessx",45,TRUE,FALSE,NA,NA
"45","RT @yoonxjin_: When Jin frightened by the loud noise Jimin do this #jijin #<U+C9C0><U+C9C4> https://t.co/NjLcuO5tL6",FALSE,0,NA,2016-10-09 06:24:13,FALSE,NA,"785002913156337666",NA,"<a href=""http://twitter.com"" rel=""nofollow"">Twitter Web Client</a>","kpopwasamistake",45,TRUE,FALSE,NA,NA
"46","RT @yoonxjin_: When Jin frightened by the loud noise Jimin do this #jijin #<U+C9C0><U+C9C4> https://t.co/NjLcuO5tL6",FALSE,0,NA,2016-10-09 06:24:04,FALSE,NA,"785002872651997184",NA,"<a href=""http://twitter.com"" rel=""nofollow"">Twitter Web Client</a>","jim_int",45,TRUE,FALSE,NA,NA
"47","RT @yoonxjin_: When Jin frightened by the loud noise Jimin do this #jijin #<U+C9C0><U+C9C4> https://t.co/NjLcuO5tL6",FALSE,0,NA,2016-10-09 06:23:46,FALSE,NA,"785002798635102208",NA,"<a href=""http://twitter.com"" rel=""nofollow"">Twitter Web Client</a>","sunnyokinawa",45,TRUE,FALSE,NA,NA
"48","RT @yoonxjin_: When Jin frightened by the loud noise Jimin do this #jijin #<U+C9C0><U+C9C4> https://t.co/NjLcuO5tL6",FALSE,0,NA,2016-10-09 06:23:19,FALSE,NA,"785002686148063233",NA,"<a href=""http://twitter.com"" rel=""nofollow"">Twitter Web Client</a>","countingpaths",45,TRUE,FALSE,NA,NA
"49","RT @yoonxjin_: When Jin frightened by the loud noise Jimin do this #jijin #<U+C9C0><U+C9C4> https://t.co/NjLcuO5tL6",FALSE,0,NA,2016-10-09 06:17:28,FALSE,NA,"785001211963449344",NA,"<a href=""http://twitter.com/download/android"" rel=""nofollow"">Twitter for Android</a>","jieaaaraz1998",45,TRUE,FALSE,NA,NA
"50","RT @yoonxjin_: When Jin frightened by the loud noise Jimin do this #jijin #<U+C9C0><U+C9C4> https://t.co/NjLcuO5tL6",FALSE,0,NA,2016-10-09 06:16:32,FALSE,NA,"785000976323190785",NA,"<a href=""http://twitter.com/download/android"" rel=""nofollow"">Twitter for Android</a>","Elle_Park08",45,TRUE,FALSE,NA,NA
"51","RT @yoonxjin_: When Jin frightened by the loud noise Jimin do this #jijin #<U+C9C0><U+C9C4> https://t.co/NjLcuO5tL6",FALSE,0,NA,2016-10-09 06:15:53,FALSE,NA,"785000815178182656",NA,"<a href=""http://twitter.com/download/iphone"" rel=""nofollow"">Twitter for iPhone</a>","yestaehyung",45,TRUE,FALSE,NA,NA
"52","RT @yoonxjin_: When Jin frightened by the loud noise Jimin do this #jijin #<U+C9C0><U+C9C4> https://t.co/NjLcuO5tL6",FALSE,0,NA,2016-10-09 06:14:51,FALSE,NA,"785000555554803712",NA,"<a href=""http://twitter.com"" rel=""nofollow"">Twitter Web Client</a>","love4seokjin",45,TRUE,FALSE,NA,NA
"53","RT @yoonxjin_: When Jin frightened by the loud noise Jimin do this #jijin #<U+C9C0><U+C9C4> https://t.co/NjLcuO5tL6",FALSE,0,NA,2016-10-09 06:14:38,FALSE,NA,"785000500781539329",NA,"<a href=""http://twitter.com/download/android"" rel=""nofollow"">Twitter for Android</a>","natsooee",45,TRUE,FALSE,NA,NA
"54","RT @yoonxjin_: When Jin frightened by the loud noise Jimin do this #jijin #<U+C9C0><U+C9C4> https://t.co/NjLcuO5tL6",FALSE,0,NA,2016-10-09 06:14:24,FALSE,NA,"785000441062891520",NA,"<a href=""http://twitter.com/download/android"" rel=""nofollow"">Twitter for Android</a>","gogo_puffin",45,TRUE,FALSE,NA,NA
"55","RT @yoonxjin_: When Jin frightened by the loud noise Jimin do this #jijin #<U+C9C0><U+C9C4> https://t.co/NjLcuO5tL6",FALSE,0,NA,2016-10-09 06:14:07,FALSE,NA,"785000369214545920",NA,"<a href=""http://twitter.com"" rel=""nofollow"">Twitter Web Client</a>","Arysthae",45,TRUE,FALSE,NA,NA
"56","RT @yoonxjin_: When Jin frightened by the loud noise Jimin do this #jijin #<U+C9C0><U+C9C4> https://t.co/NjLcuO5tL6",FALSE,0,NA,2016-10-09 04:55:22,FALSE,NA,"784980550058582016",NA,"<a href=""http://twitter.com"" rel=""nofollow"">Twitter Web Client</a>","pbsungyeol09",45,TRUE,FALSE,NA,NA
"57","#earthquake #<U+C9C0><U+C9C4> #<U+5730><U+9707> ird2016tvmj (OK) Off E. Coast of N. Is., NZ MLv 3.6 2016/10/09 03:17:09 https://t.co/13lQ6mADa1 https://t.co/NyETUAe8Ed",FALSE,0,NA,2016-10-09 04:26:59,FALSE,NA,"784973410317152256",NA,"<a href=""http://www.seisme.nc"" rel=""nofollow"">Twurl2</a>","NCseismicobserv",0,FALSE,FALSE,NA,NA
"58","RT @yoonxjin_: When Jin frightened by the loud noise Jimin do this #jijin #<U+C9C0><U+C9C4> https://t.co/NjLcuO5tL6",FALSE,0,NA,2016-10-09 03:59:54,FALSE,NA,"784966592589205504",NA,"<a href=""http://twitter.com/download/iphone"" rel=""nofollow"">Twitter for iPhone</a>","capaldites",45,TRUE,FALSE,NA,NA
"59","RT @yoonxjin_: When Jin frightened by the loud noise Jimin do this #jijin #<U+C9C0><U+C9C4> https://t.co/NjLcuO5tL6",FALSE,0,NA,2016-10-09 03:08:41,FALSE,NA,"784953704436731904",NA,"<a href=""http://twitter.com/#!/download/ipad"" rel=""nofollow"">Twitter for iPad</a>","JinD_Hoffa",45,TRUE,FALSE,NA,NA
"60","RT @yoonxjin_: When Jin frightened by the loud noise Jimin do this #jijin #<U+C9C0><U+C9C4> https://t.co/NjLcuO5tL6",FALSE,0,NA,2016-10-09 03:02:33,FALSE,NA,"784952162820292608",NA,"<a href=""http://twitter.com/download/iphone"" rel=""nofollow"">Twitter for iPhone</a>","yoonjin2423",45,TRUE,FALSE,NA,NA
"61","#earthquake #<U+C9C0><U+C9C4> #<U+5730><U+9707> ird2016tvjk (OK) Off E. Coast of N. Is., NZ MLv 4.2 2016/10/09 01:47:30 https://t.co/ydKBuoxws7 https://t.co/73E0DR2cJj",FALSE,0,NA,2016-10-09 02:07:16,FALSE,NA,"784938249223409668",NA,"<a href=""http://www.seisme.nc"" rel=""nofollow"">Twurl2</a>","NCseismicobserv",0,FALSE,FALSE,NA,NA
"62","#earthquake #<U+C9C0><U+C9C4> #<U+5730><U+9707> ird2016tviq (OK) Off E. Coast of N. Is., NZ MLv 3.9 2016/10/09 01:23:57 https://t.co/EZ0RIinj77 https://t.co/2CqlaHXIdW",FALSE,0,NA,2016-10-09 01:55:36,FALSE,NA,"784935311918759936",NA,"<a href=""http://www.seisme.nc"" rel=""nofollow"">Twurl2</a>","NCseismicobserv",0,FALSE,FALSE,NA,NA
"63","RT @yoonxjin_: When Jin frightened by the loud noise Jimin do this #jijin #<U+C9C0><U+C9C4> https://t.co/NjLcuO5tL6",FALSE,0,NA,2016-10-09 01:55:16,FALSE,NA,"784935228770885632",NA,"<a href=""http://twitter.com/download/android"" rel=""nofollow"">Twitter for Android</a>","R00DRIAN",45,TRUE,FALSE,NA,NA
"64","RT @yoonxjin_: When Jin frightened by the loud noise Jimin do this #jijin #<U+C9C0><U+C9C4> https://t.co/NjLcuO5tL6",FALSE,0,NA,2016-10-09 01:45:27,FALSE,NA,"784932756283199488",NA,"<a href=""http://twitter.com"" rel=""nofollow"">Twitter Web Client</a>","Zuenazz",45,TRUE,FALSE,NA,NA
"65","RT @yoonxjin_: When Jin frightened by the loud noise Jimin do this #jijin #<U+C9C0><U+C9C4> https://t.co/NjLcuO5tL6",FALSE,0,NA,2016-10-09 01:18:49,FALSE,NA,"784926054024523776",NA,"<a href=""http://twitter.com/download/android"" rel=""nofollow"">Twitter for Android</a>","jinnie014",45,TRUE,FALSE,NA,NA
"66","RT @yoonxjin_: When Jin frightened by the loud noise Jimin do this #jijin #<U+C9C0><U+C9C4> https://t.co/NjLcuO5tL6",FALSE,0,NA,2016-10-09 01:13:16,FALSE,NA,"784924660769038336",NA,"<a href=""https://mobile.twitter.com"" rel=""nofollow"">Mobile Web (M5)</a>","cutejins",45,TRUE,FALSE,NA,NA
"67","RT @yoonxjin_: When Jin frightened by the loud noise Jimin do this #jijin #<U+C9C0><U+C9C4> https://t.co/NjLcuO5tL6",FALSE,0,NA,2016-10-09 01:13:03,FALSE,NA,"784924605232189440",NA,"<a href=""http://twitter.com/download/android"" rel=""nofollow"">Twitter for Android</a>","seokjin_pls_",45,TRUE,FALSE,NA,NA
"68","RT @yoonxjin_: When Jin frightened by the loud noise Jimin do this #jijin #<U+C9C0><U+C9C4> https://t.co/NjLcuO5tL6",FALSE,0,NA,2016-10-09 01:10:17,FALSE,NA,"784923909661396992",NA,"<a href=""http://twitter.com/download/android"" rel=""nofollow"">Twitter for Android</a>","foryoonjin",45,TRUE,FALSE,NA,NA
"69","#earthquake #<U+C9C0><U+C9C4> #<U+5730><U+9707> ird2016tvcr (OK) East of North Island, N.Z. MLv 4.7 2016/10/08 22:23:51 https://t.co/LmHfoFRTKU https://t.co/1sNZCndr0c",FALSE,0,NA,2016-10-09 00:26:25,FALSE,NA,"784912870655918080",NA,"<a href=""http://www.seisme.nc"" rel=""nofollow"">Twurl2</a>","NCseismicobserv",0,FALSE,FALSE,NA,NA
"70","#earthquake #<U+C9C0><U+C9C4> #<U+5730><U+9707> ird2016tvcl (OK) Samoa Islands Region mb 4.9 2016/10/08 22:25:30 https://t.co/8u9aZjM8Ds https://t.co/bserxx01JH",FALSE,0,NA,2016-10-09 00:21:23,FALSE,NA,"784911603665776640",NA,"<a href=""http://www.seisme.nc"" rel=""nofollow"">Twurl2</a>","NCseismicobserv",0,FALSE,FALSE,NA,NA
"71","#earthquake #<U+C9C0><U+C9C4> #<U+5730><U+9707> ird2016tvca (OK) Off E. Coast of N. Is., NZ MLv 4.3 2016/10/08 22:03:14 https://t.co/oQRS8OkCjC https://t.co/TPlm4qodmn",FALSE,0,NA,2016-10-09 00:17:05,FALSE,NA,"784910520327385088",NA,"<a href=""http://www.seisme.nc"" rel=""nofollow"">Twurl2</a>","NCseismicobserv",0,FALSE,FALSE,NA,NA
"72","#earthquake #<U+C9C0><U+C9C4> #<U+5730><U+9707> ird2016tvad (OK) Off E. Coast of N. Is., NZ MLv 4.5 2016/10/08 21:06:28 https://t.co/Pb5YULMaYg https://t.co/HebXxia9e9",FALSE,1,NA,2016-10-09 00:13:38,FALSE,NA,"784909652760813569",NA,"<a href=""http://www.seisme.nc"" rel=""nofollow"">Twurl2</a>","NCseismicobserv",0,FALSE,FALSE,NA,NA
"73","RT @yoonxjin_: When Jin frightened by the loud noise Jimin do this #jijin #<U+C9C0><U+C9C4> https://t.co/NjLcuO5tL6",FALSE,0,NA,2016-10-09 00:11:34,FALSE,NA,"784909132943888384",NA,"<a href=""http://twitter.com/download/android"" rel=""nofollow"">Twitter for Android</a>","friendforced",45,TRUE,FALSE,NA,NA
"74","#earthquake #<U+C9C0><U+C9C4> #<U+5730><U+9707> ird2016tuzg (OK) Off E. Coast of N. Is., NZ MLv 3.9 2016/10/08 20:38:48 https://t.co/pYVrc85A7T https://t.co/7Wz9l5jUfD",FALSE,0,NA,2016-10-09 00:11:21,FALSE,NA,"784909075750367232",NA,"<a href=""http://www.seisme.nc"" rel=""nofollow"">Twurl2</a>","NCseismicobserv",0,FALSE,FALSE,NA,NA
"75","#earthquake #<U+C9C0><U+C9C4> #<U+5730><U+9707> ird2016tuxo (OK) East of North Island, N.Z. MLv 5.3 2016/10/08 19:48:15 https://t.co/O2EYwZhCVU https://t.co/J3F0autG0t",FALSE,0,NA,2016-10-09 00:04:33,FALSE,NA,"784907365996896257",NA,"<a href=""http://www.seisme.nc"" rel=""nofollow"">Twurl2</a>","NCseismicobserv",0,FALSE,FALSE,NA,NA
"76","#earthquake #<U+C9C0><U+C9C4> #<U+5730><U+9707> ird2016tuxi (OK) Off E. Coast of N. Is., N.Z. M 5.7 2016/10/08 19:41:23 https://t.co/lG4lxmUgl9 https://t.co/ZIl4tzdsQC",FALSE,0,NA,2016-10-09 00:02:54,FALSE,NA,"784906951163416576",NA,"<a href=""http://www.seisme.nc"" rel=""nofollow"">Twurl2</a>","NCseismicobserv",0,FALSE,FALSE,NA,NA
"77","#earthquake #<U+C9C0><U+C9C4> #<U+5730><U+9707> ird2016tucn (OK) South of Java, Indonesia mb 4.3 2016/10/08 09:10:30 https://t.co/FsUgp2fip2 https://t.co/HrHhDFh6zE",FALSE,0,NA,2016-10-08 22:59:38,FALSE,NA,"784891028419379200",NA,"<a href=""http://www.seisme.nc"" rel=""nofollow"">Twurl2</a>","NCseismicobserv",0,FALSE,FALSE,NA,NA
"78","#earthquake #<U+C9C0><U+C9C4> #<U+5730><U+9707> ird2016tuaj (OK) South of Kermadec Islands mb 4.5 2016/10/08 08:06:58 https://t.co/ukdFpJLb4d https://t.co/JefoF7nuEL",FALSE,0,NA,2016-10-08 22:54:57,FALSE,NA,"784889850788876288",NA,"<a href=""http://www.seisme.nc"" rel=""nofollow"">Twurl2</a>","NCseismicobserv",0,FALSE,FALSE,NA,NA
"79","#earthquake #<U+C9C0><U+C9C4> #<U+5730><U+9707> ird2016tvcl (tmp) Samoa Islands Region mb 4.9 2016/10/08 22:25:29 https://t.co/8u9aZjM8Ds https://t.co/8ZSK7N8YCi",FALSE,0,NA,2016-10-08 22:31:37,FALSE,NA,"784883976225693696",NA,"<a href=""http://www.seisme.nc"" rel=""nofollow"">Twurl2</a>","NCseismicobserv",0,FALSE,FALSE,NA,NA
"80","#earthquake #<U+C9C0><U+C9C4> #<U+5730><U+9707> ird2016tuxi (tmp) Off E. Coast of N. Is., NZ M 5.7 2016/10/08 19:41:23 https://t.co/lG4lxmUgl9 https://t.co/xmgSyVsQ3U",FALSE,0,NA,2016-10-08 19:52:45,FALSE,NA,"784843996195528704",NA,"<a href=""http://www.seisme.nc"" rel=""nofollow"">Twurl2</a>","NCseismicobserv",0,FALSE,FALSE,NA,NA
"81","#earthquake #<U+C9C0><U+C9C4> #<U+5730><U+9707> ird2016tuxi (tmp) Off E. Coast of N. Is., NZ mb 5.4 2016/10/08 19:41:20 https://t.co/lG4lxmUgl9 https://t.co/wI5tUS388u",FALSE,0,NA,2016-10-08 19:48:47,FALSE,NA,"784842997770752000",NA,"<a href=""http://www.seisme.nc"" rel=""nofollow"">Twurl2</a>","NCseismicobserv",0,FALSE,FALSE,NA,NA
"82","RT @yoonxjin_: When Jin frightened by the loud noise Jimin do this #jijin #<U+C9C0><U+C9C4> https://t.co/NjLcuO5tL6",FALSE,0,NA,2016-10-08 19:17:26,FALSE,NA,"784835112236032000",NA,"<a href=""http://twitter.com/download/android"" rel=""nofollow"">Twitter for Android</a>","dio_della",45,TRUE,FALSE,NA,NA
"83","#<U+C9C0><U+C9C4> 03:36:49 [Report 1] Kushiro offing M4.2 Depth 140km Maximum seismic intensity 2 #Earthquake",FALSE,0,NA,2016-10-08 18:37:04,FALSE,NA,"784824950431453184",NA,"<a href=""http://kyomoniex.web.fc2.com/"" rel=""nofollow"">Earthquake Monitor Ex (<U+5F37><U+9707><U+30E2><U+30CB><U+30BF>Ex)</a>","IEgg_95",0,FALSE,FALSE,NA,NA
"84","#<U+C9C0><U+C9C4> 03:28:47 [Report 1] Okinawa Island region M4.4 Depth 60km Maximum seismic intensity 2 #Earthquake",FALSE,0,NA,2016-10-08 18:28:55,FALSE,NA,"784822901170065408",NA,"<a href=""http://kyomoniex.web.fc2.com/"" rel=""nofollow"">Earthquake Monitor Ex (<U+5F37><U+9707><U+30E2><U+30CB><U+30BF>Ex)</a>","IEgg_95",0,FALSE,FALSE,NA,NA
"85","RT @yoonxjin_: When Jin frightened by the loud noise Jimin do this #jijin #<U+C9C0><U+C9C4> https://t.co/NjLcuO5tL6",FALSE,0,NA,2016-10-08 18:04:30,FALSE,NA,"784816757991051264",NA,"<a href=""http://twitter.com/download/android"" rel=""nofollow"">Twitter for Android</a>","jinkook_s",45,TRUE,FALSE,NA,NA
"86","RT @yoonxjin_: When Jin frightened by the loud noise Jimin do this #jijin #<U+C9C0><U+C9C4> https://t.co/NjLcuO5tL6",FALSE,0,NA,2016-10-08 17:47:05,FALSE,NA,"784812374540759040",NA,"<a href=""http://twitter.com/download/android"" rel=""nofollow"">Twitter for Android</a>","Kpopers_GRi",45,TRUE,FALSE,NA,NA
"87","RT @yoonxjin_: When Jin frightened by the loud noise Jimin do this #jijin #<U+C9C0><U+C9C4> https://t.co/NjLcuO5tL6",FALSE,0,NA,2016-10-08 17:34:56,FALSE,NA,"784809313453780992",NA,"<a href=""http://twitter.com/download/android"" rel=""nofollow"">Twitter for Android</a>","jinmyalpaca",45,TRUE,FALSE,NA,NA
"88","RT @yoonxjin_: When Jin frightened by the loud noise Jimin do this #jijin #<U+C9C0><U+C9C4> https://t.co/NjLcuO5tL6",FALSE,0,NA,2016-10-08 17:28:09,FALSE,NA,"784807609949786113",NA,"<a href=""http://twitter.com"" rel=""nofollow"">Twitter Web Client</a>","DramaticCrying",45,TRUE,FALSE,NA,NA
"89","RT @yoonxjin_: When Jin frightened by the loud noise Jimin do this #jijin #<U+C9C0><U+C9C4> https://t.co/NjLcuO5tL6",FALSE,0,NA,2016-10-08 17:17:05,FALSE,NA,"784804821249339392",NA,"<a href=""http://twitter.com/download/android"" rel=""nofollow"">Twitter for Android</a>","kim_seokjjin",45,TRUE,FALSE,NA,NA
"90","RT @yoonxjin_: When Jin frightened by the loud noise Jimin do this #jijin #<U+C9C0><U+C9C4> https://t.co/NjLcuO5tL6",FALSE,0,NA,2016-10-08 17:15:23,FALSE,NA,"784804395858796544",NA,"<a href=""http://twitter.com"" rel=""nofollow"">Twitter Web Client</a>","yoonzora",45,TRUE,FALSE,NA,NA
"91","When Jin frightened by the loud noise Jimin do this #jijin #<U+C9C0><U+C9C4> https://t.co/NjLcuO5tL6",FALSE,40,NA,2016-10-08 17:11:48,FALSE,NA,"784803492720365570",NA,"<a href=""http://twitter.com/download/iphone"" rel=""nofollow"">Twitter for iPhone</a>","yoonxjin_",45,FALSE,FALSE,NA,NA
"92","jin jimin
jijin
<U+C9C0><U+C9C4> means earthquake 
what a cute name for ship lmao",FALSE,0,NA,2016-10-08 14:45:21,FALSE,NA,"784766639950536705",NA,"<a href=""http://twitter.com/download/android"" rel=""nofollow"">Twitter for Android</a>","mymsg93",0,FALSE,FALSE,NA,NA
"93","https://t.co/cFHHFbkwDm  earthquake damage follow to typhoon damage in Yeung-nam, South korea (because they crime) 2016.10.06 news <U+C9C0><U+C9C4> <U+C774><U+C5B4><U+C11C> <U+D0DC><U+D48D>",FALSE,0,NA,2016-10-08 10:41:43,FALSE,NA,"784705327228788736",NA,"<a href=""http://twitter.com"" rel=""nofollow"">Twitter Web Client</a>","alonaProphet",0,FALSE,FALSE,NA,NA
"94","https://t.co/2l2jeVLmXR  earthquake damage follow to typhoon damage in Yeung-nam, South korea (because they crime) 2016.10.06 news <U+C9C0><U+C9C4> <U+C774><U+C5B4><U+C11C> <U+D0DC><U+D48D>",FALSE,0,NA,2016-10-08 10:28:12,FALSE,NA,"784701925224697856",NA,"<a href=""http://twitter.com"" rel=""nofollow"">Twitter Web Client</a>","commandofJESUS",0,FALSE,FALSE,NA,NA
"95","#earthquake #<U+C9C0><U+C9C4> #<U+5730><U+9707> ird2016ttpv (OK) Loyalty Islands MLv 3.4 2016/10/08 02:46:07 https://t.co/81dOvxDwgr https://t.co/I8dYbtG6v6",FALSE,0,NA,2016-10-08 06:56:46,FALSE,NA,"784648716602839040",NA,"<a href=""http://www.seisme.nc"" rel=""nofollow"">Twurl2</a>","NCseismicobserv",0,FALSE,FALSE,NA,NA
"96","#earthquake #<U+C9C0><U+C9C4> #<U+5730><U+9707> ird2016tthy (OK) Loyalty Islands MLv 2.6 2016/10/07 22:50:31 https://t.co/0FxqXBelEc https://t.co/1hi4pEI8a8",FALSE,0,NA,2016-10-07 23:50:27,FALSE,NA,"784541427892154368",NA,"<a href=""http://www.seisme.nc"" rel=""nofollow"">Twurl2</a>","NCseismicobserv",0,FALSE,FALSE,NA,NA
"97","#earthquake #<U+C9C0><U+C9C4> #<U+5730><U+9707> ird2016ttcc (OK) Tonga Islands mb 4.5 2016/10/07 19:49:04 https://t.co/6dAgdpjl1j https://t.co/6p1OpwhTbI",FALSE,0,NA,2016-10-07 22:12:29,FALSE,NA,"784516775144632320",NA,"<a href=""http://www.seisme.nc"" rel=""nofollow"">Twurl2</a>","NCseismicobserv",0,FALSE,FALSE,NA,NA
"98","#earthquake #<U+C9C0><U+C9C4> #<U+5730><U+9707> ird2016tsyg (OK) Near Coast of S. Australia MLv 3.9 2016/10/07 17:55:12 https://t.co/bSslAbf9Fq https://t.co/zfGg0eNQKd",FALSE,0,NA,2016-10-07 22:10:52,FALSE,NA,"784516366535581696",NA,"<a href=""http://www.seisme.nc"" rel=""nofollow"">Twurl2</a>","NCseismicobserv",0,FALSE,FALSE,NA,NA
"99","#earthquake #<U+C9C0><U+C9C4> #<U+5730><U+9707> ird2016tstm (OK) Off W. Coast N. Sumatra MLv 4.5 2016/10/07 15:27:51 https://t.co/cOvjEvUBPf https://t.co/7yweTN3khX",FALSE,0,NA,2016-10-07 21:48:32,FALSE,NA,"784510747212591104",NA,"<a href=""http://www.seisme.nc"" rel=""nofollow"">Twurl2</a>","NCseismicobserv",0,FALSE,FALSE,NA,NA
"100","#earthquake #<U+C9C0><U+C9C4> #<U+5730><U+9707> ird2016tssh (OK) Off E. Coast of N. Is., NZ MLv 4.4 2016/10/07 14:52:20 https://t.co/4QE3iTGc2J https://t.co/RmwhuO8SBn",FALSE,0,NA,2016-10-07 21:46:52,FALSE,NA,"784510328411348993",NA,"<a href=""http://www.seisme.nc"" rel=""nofollow"">Twurl2</a>","NCseismicobserv",0,FALSE,FALSE,NA,NA
"101","#earthquake #<U+C9C0><U+C9C4> #<U+5730><U+9707> ird2016trbz (OK) Fiji Islands Region mb 4.2 2016/10/06 17:29:55 https://t.co/0Hhp1MY0Ei https://t.co/k38bBCIEOV",FALSE,0,NA,2016-10-06 22:49:53,FALSE,NA,"784163799481712641",NA,"<a href=""http://www.seisme.nc"" rel=""nofollow"">Twurl2</a>","NCseismicobserv",0,FALSE,FALSE,NA,NA
"102","#earthquake #<U+C9C0><U+C9C4> #<U+5730><U+9707> ird2016tqyl (OK) SE of Loyalty Islands MLv 3.3 2016/10/06 15:42:10 https://t.co/DODnZhvzQC https://t.co/y8tndXf2mT",FALSE,0,NA,2016-10-06 22:00:41,FALSE,NA,"784151416726171648",NA,"<a href=""http://www.seisme.nc"" rel=""nofollow"">Twurl2</a>","NCseismicobserv",0,FALSE,FALSE,NA,NA
"103","#earthquake #<U+C9C0><U+C9C4> #<U+5730><U+9707> ird2016tqyk (OK) East of North Island, N.Z. MLv 4.6 2016/10/06 15:40:29 https://t.co/dVRJMuyfZv https://t.co/XZLY2rsup3",FALSE,0,NA,2016-10-06 21:57:01,FALSE,NA,"784150494893617152",NA,"<a href=""http://www.seisme.nc"" rel=""nofollow"">Twurl2</a>","NCseismicobserv",0,FALSE,FALSE,NA,NA
"104","#earthquake #<U+C9C0><U+C9C4> #<U+5730><U+9707> ird2016tqxg (OK) Santa Cruz Islands Region MLv 5.2 2016/10/06 15:08:57 https://t.co/ZuQeryTz0U https://t.co/opoMuy6Eq9",FALSE,0,NA,2016-10-06 21:53:43,FALSE,NA,"784149662777303040",NA,"<a href=""http://www.seisme.nc"" rel=""nofollow"">Twurl2</a>","NCseismicobserv",0,FALSE,FALSE,NA,NA
"105","#earthquake #<U+C9C0><U+C9C4> #<U+5730><U+9707> ird2016tqnx (OK) Southeast of Honshu, Japan mb 5.3 2016/10/06 10:23:00 https://t.co/xKGsamx62r https://t.co/u4tVwA6f8N",FALSE,0,NA,2016-10-06 21:39:55,FALSE,NA,"784146192259096576",NA,"<a href=""http://www.seisme.nc"" rel=""nofollow"">Twurl2</a>","NCseismicobserv",0,FALSE,FALSE,NA,NA
"106","#earthquake #<U+C9C0><U+C9C4> #<U+5730><U+9707> ird2016tqih (OK) Off E. Coast of N. Is., NZ MLv 4.3 2016/10/06 07:33:00 https://t.co/tXhM0nWizd https://t.co/CRx6fke682",FALSE,0,NA,2016-10-06 21:26:33,FALSE,NA,"784142828792229888",NA,"<a href=""http://www.seisme.nc"" rel=""nofollow"">Twurl2</a>","NCseismicobserv",0,FALSE,FALSE,NA,NA
"107","#earthquake #<U+C9C0><U+C9C4> #<U+5730><U+9707> ird2016tqgb (OK) Loyalty Islands MLv 2.4 2016/10/06 06:28:28 https://t.co/BwLjTN4lwe https://t.co/i6Awex1k4m",FALSE,0,NA,2016-10-06 21:24:49,FALSE,NA,"784142393347936256",NA,"<a href=""http://www.seisme.nc"" rel=""nofollow"">Twurl2</a>","NCseismicobserv",0,FALSE,FALSE,NA,NA
"108","#earthquake #<U+C9C0><U+C9C4> #<U+5730><U+9707> ird2016tpyd (OK) Mindanao, Philippines mb 5.1 2016/10/06 02:25:19 https://t.co/y5UvkjceDU https://t.co/1u60wggpZO",FALSE,0,NA,2016-10-06 05:19:21,FALSE,NA,"783899424372117506",NA,"<a href=""http://www.seisme.nc"" rel=""nofollow"">Twurl2</a>","NCseismicobserv",0,FALSE,FALSE,NA,NA
"109","#earthquake #<U+C9C0><U+C9C4> #<U+5730><U+9707> ird2016tpsb (OK) South Island, New Zealand MLv 3.2 2016/10/05 23:20:48 https://t.co/FpQ1Ky5v6Y https://t.co/BPrd3Kcy3r",FALSE,0,NA,2016-10-06 00:24:08,FALSE,NA,"783825129889419265",NA,"<a href=""http://www.seisme.nc"" rel=""nofollow"">Twurl2</a>","NCseismicobserv",0,FALSE,FALSE,NA,NA
"110","#earthquake #<U+C9C0><U+C9C4> #<U+5730><U+9707> ird2016tppu (OK) SE of Loyalty Islands mb 4.7 2016/10/05 22:11:38 https://t.co/G1piYA8cQi https://t.co/lFbnZhE8yx",FALSE,0,NA,2016-10-06 00:20:18,FALSE,NA,"783824164515753984",NA,"<a href=""http://www.seisme.nc"" rel=""nofollow"">Twurl2</a>","NCseismicobserv",0,FALSE,FALSE,NA,NA
"111","#earthquake #<U+C9C0><U+C9C4> #<U+5730><U+9707> ird2016tpof (OK) Banda Sea mb 4.8 2016/10/05 21:24:15 https://t.co/7BzURYoa7R https://t.co/AJECNf5f4e",FALSE,0,NA,2016-10-06 00:17:10,FALSE,NA,"783823378616418305",NA,"<a href=""http://www.seisme.nc"" rel=""nofollow"">Twurl2</a>","NCseismicobserv",0,FALSE,FALSE,NA,NA
"112","#earthquake #<U+C9C0><U+C9C4> #<U+5730><U+9707> ird2016tpmp (OK) East of North Island, N.Z. MLv 4.9 2016/10/05 20:34:28 https://t.co/KTeImCpV6X https://t.co/xCy5S8kkiD",FALSE,0,NA,2016-10-06 00:14:30,FALSE,NA,"783822704826650624",NA,"<a href=""http://www.seisme.nc"" rel=""nofollow"">Twurl2</a>","NCseismicobserv",0,FALSE,FALSE,NA,NA
"113","#earthquake #<U+C9C0><U+C9C4> #<U+5730><U+9707> ird2016tphv (OK) Off E. Coast of N. Is., NZ MLv 4.3 2016/10/05 18:10:26 https://t.co/v4iVKoHjOR https://t.co/uqUABw0dKH",FALSE,0,NA,2016-10-06 00:08:40,FALSE,NA,"783821239223672832",NA,"<a href=""http://www.seisme.nc"" rel=""nofollow"">Twurl2</a>","NCseismicobserv",0,FALSE,FALSE,NA,NA
"114","#earthquake #<U+C9C0><U+C9C4> #<U+5730><U+9707> ird2016tpbp (OK) Fiji Islands Region mb 4.5 2016/10/05 15:02:12 https://t.co/0rXtvxY2Pi https://t.co/hrSsSOHGaf",FALSE,0,NA,2016-10-05 23:53:28,FALSE,NA,"783817414551011328",NA,"<a href=""http://www.seisme.nc"" rel=""nofollow"">Twurl2</a>","NCseismicobserv",0,FALSE,FALSE,NA,NA
"115","#earthquake #<U+C9C0><U+C9C4> #<U+5730><U+9707> ird2016tolt (OK) South of Aleutian Islands mb 5.0 2016/10/05 07:00:26 https://t.co/AQ1g93sIv3 https://t.co/hkgESHdIsF",FALSE,0,NA,2016-10-05 23:21:09,FALSE,NA,"783809278326939648",NA,"<a href=""http://www.seisme.nc"" rel=""nofollow"">Twurl2</a>","NCseismicobserv",0,FALSE,FALSE,NA,NA
"116","#earthquake #<U+C9C0><U+C9C4> #<U+5730><U+9707> ird2016tolq (OK) South Island, New Zealand MLv 5.0 2016/10/05 06:57:24 https://t.co/HO1U9lHOnR https://t.co/bGupzQzNer",FALSE,0,NA,2016-10-05 23:19:09,FALSE,NA,"783808778542063617",NA,"<a href=""http://www.seisme.nc"" rel=""nofollow"">Twurl2</a>","NCseismicobserv",0,FALSE,FALSE,NA,NA
"117","#earthquake #<U+C9C0><U+C9C4> #<U+5730><U+9707> ird2016tolp (OK) Banda Sea mb 4.2 2016/10/05 06:56:29 https://t.co/HvIdhJXII1 https://t.co/YtzVDhuScp",FALSE,0,NA,2016-10-05 23:15:29,FALSE,NA,"783807851982491648",NA,"<a href=""http://www.seisme.nc"" rel=""nofollow"">Twurl2</a>","NCseismicobserv",0,FALSE,FALSE,NA,NA
"118","#earthquake #<U+C9C0><U+C9C4> #<U+5730><U+9707> ird2016tppu (tmp) SE of Loyalty Islands MLv 4.9 2016/10/05 22:11:38 https://t.co/G1piYA8cQi https://t.co/EbhzEyrE44",FALSE,0,NA,2016-10-05 22:18:37,FALSE,NA,"783793542619553796",NA,"<a href=""http://www.seisme.nc"" rel=""nofollow"">Twurl2</a>","NCseismicobserv",0,FALSE,FALSE,NA,NA
"119","#earthquake #<U+C9C0><U+C9C4> #<U+5730><U+9707> ird2016tpbp (tmp) Fiji Islands Region mb 4.4 2016/10/05 15:02:12 https://t.co/0rXtvxY2Pi https://t.co/0yFWxx97ZT",FALSE,0,NA,2016-10-05 15:08:30,FALSE,NA,"783685298668482565",NA,"<a href=""http://www.seisme.nc"" rel=""nofollow"">Twurl2</a>","NCseismicobserv",0,FALSE,FALSE,NA,NA
"120","#earthquake #<U+C9C0><U+C9C4> #<U+5730><U+9707> ird2016toer (OK) Off W. Coast of S. Is., NZ MLv 3.4 2016/10/05 03:27:27 https://t.co/ZG6yulYoy3 https://t.co/LIblZd0vHr",FALSE,0,NA,2016-10-05 05:00:08,FALSE,NA,"783532200029487105",NA,"<a href=""http://www.seisme.nc"" rel=""nofollow"">Twurl2</a>","NCseismicobserv",0,FALSE,FALSE,NA,NA
"121","#earthquake #<U+C9C0><U+C9C4> #<U+5730><U+9707> ird2016toee (OK) Off E. Coast of N. Is., NZ MLv 3.3 2016/10/05 03:11:31 https://t.co/rHnyDEpumr https://t.co/wmaDBT0qAO",FALSE,0,NA,2016-10-05 04:56:01,FALSE,NA,"783531165772898305",NA,"<a href=""http://www.seisme.nc"" rel=""nofollow"">Twurl2</a>","NCseismicobserv",0,FALSE,FALSE,NA,NA
"122","#earthquake #<U+C9C0><U+C9C4> #<U+5730><U+9707> ird2016todk (OK) Vanuatu Islands MLv 4.0 2016/10/05 02:48:01 https://t.co/kG0uutLUUg https://t.co/TDxIsKqSuD",FALSE,0,NA,2016-10-05 02:53:45,FALSE,NA,"783500393686798337",NA,"<a href=""http://www.seisme.nc"" rel=""nofollow"">Twurl2</a>","NCseismicobserv",0,FALSE,FALSE,NA,NA
"123","#earthquake #<U+C9C0><U+C9C4> #<U+5730><U+9707> ird2016tnao (OK) Off E. Coast Honshu, Japan mb 5.3 2016/10/04 12:13:46 https://t.co/FZUDgg0L6R https://t.co/yVGg7s8sja",FALSE,0,NA,2016-10-04 22:39:44,FALSE,NA,"783436469415186432",NA,"<a href=""http://www.seisme.nc"" rel=""nofollow"">Twurl2</a>","NCseismicobserv",0,FALSE,FALSE,NA,NA
"124","#earthquake #<U+C9C0><U+C9C4> #<U+5730><U+9707> ird2016tmtd (OK) Off E. Coast of N. Is., NZ MLv 3.7 2016/10/04 08:28:10 https://t.co/eH3JvyXHGg https://t.co/dwZSdAals6",FALSE,0,NA,2016-10-04 21:42:37,FALSE,NA,"783422093736017920",NA,"<a href=""http://www.seisme.nc"" rel=""nofollow"">Twurl2</a>","NCseismicobserv",0,FALSE,FALSE,NA,NA
"125","#earthquake #<U+C9C0><U+C9C4> #<U+5730><U+9707> ird2016tmrm (OK) Fiji Islands Region mb 4.7 2016/10/04 07:38:46 https://t.co/CslafpqFz0 https://t.co/rWbnhJ243B",FALSE,0,NA,2016-10-04 21:40:00,FALSE,NA,"783421438610976768",NA,"<a href=""http://www.seisme.nc"" rel=""nofollow"">Twurl2</a>","NCseismicobserv",0,FALSE,FALSE,NA,NA
"126","#earthquake #<U+C9C0><U+C9C4> #<U+5730><U+9707> ird2016tmnj (OK) Loyalty Islands MLv 2.6 2016/10/04 05:37:04 https://t.co/VxpPQKHch5 https://t.co/cE34mTyFn3",FALSE,0,NA,2016-10-04 21:24:48,FALSE,NA,"783417612055089153",NA,"<a href=""http://www.seisme.nc"" rel=""nofollow"">Twurl2</a>","NCseismicobserv",0,FALSE,FALSE,NA,NA
"127","#<U+C9C0><U+C9C4> 23:01:11 Seismic intensity 0  Sagami Bay #Earthquake https://t.co/RKDr6pWKFn",FALSE,0,NA,2016-10-04 14:03:24,FALSE,NA,"783306529143296000",NA,"<a href=""http://kyomoniex.web.fc2.com/"" rel=""nofollow"">Earthquake Monitor Ex (<U+5F37><U+9707><U+30E2><U+30CB><U+30BF>Ex)</a>","IEgg_95",0,FALSE,FALSE,NA,NA
"128","#earthquake #<U+C9C0><U+C9C4> #<U+5730><U+9707> ird2016tmrm (tmp) Fiji Islands Region mb 4.9 2016/10/04 07:38:48 https://t.co/CslafpqFz0 https://t.co/u1mffFQQ1Z",FALSE,0,NA,2016-10-04 07:42:36,FALSE,NA,"783210698180431872",NA,"<a href=""http://www.seisme.nc"" rel=""nofollow"">Twurl2</a>","NCseismicobserv",0,FALSE,FALSE,NA,NA
"129","#earthquake #<U+C9C0><U+C9C4> #<U+5730><U+9707> ird2016tmdp (OK) Off E. Coast of N. Is., NZ MLv 4.1 2016/10/04 00:41:11 https://t.co/yhDJ8iZROo https://t.co/p8H9BfWS5D",FALSE,0,NA,2016-10-04 01:45:44,FALSE,NA,"783120890565242881",NA,"<a href=""http://www.seisme.nc"" rel=""nofollow"">Twurl2</a>","NCseismicobserv",0,FALSE,FALSE,NA,NA
"130","#earthquake #<U+C9C0><U+C9C4> #<U+5730><U+9707> ird2016tlrk (OK) South of Fiji Islands mb 4.6 2016/10/03 18:28:32 https://t.co/dlA0lPIjPV https://t.co/NJEtlXhOuv",FALSE,0,NA,2016-10-04 00:01:32,FALSE,NA,"783094665645928448",NA,"<a href=""http://www.seisme.nc"" rel=""nofollow"">Twurl2</a>","NCseismicobserv",0,FALSE,FALSE,NA,NA
"131","#earthquake #<U+C9C0><U+C9C4> #<U+5730><U+9707> ird2016tlqs (OK) Tonga Islands Region mb 5.3 2016/10/03 18:07:38 https://t.co/ICXwpD15rF https://t.co/n9lEdLXCy4",FALSE,0,NA,2016-10-03 23:55:41,FALSE,NA,"783093195139710977",NA,"<a href=""http://www.seisme.nc"" rel=""nofollow"">Twurl2</a>","NCseismicobserv",0,FALSE,FALSE,NA,NA
"132","#earthquake #<U+C9C0><U+C9C4> #<U+5730><U+9707> ird2016tlpp (OK) Off E. Coast of N. Is., NZ MLv 3.8 2016/10/03 17:33:38 https://t.co/Knq6Ko8Fx2 https://t.co/2ioj4hNIew",FALSE,0,NA,2016-10-03 23:50:50,FALSE,NA,"783091976396611584",NA,"<a href=""http://www.seisme.nc"" rel=""nofollow"">Twurl2</a>","NCseismicobserv",0,FALSE,FALSE,NA,NA
"133","#earthquake #<U+C9C0><U+C9C4> #<U+5730><U+9707> ird2016tlmq (OK) Off E. Coast of N. Is., NZ MLv 3.2 2016/10/03 16:04:40 https://t.co/wyVriEkiSV https://t.co/ImttOPFlyg",FALSE,0,NA,2016-10-03 23:46:37,FALSE,NA,"783090914801573892",NA,"<a href=""http://www.seisme.nc"" rel=""nofollow"">Twurl2</a>","NCseismicobserv",0,FALSE,FALSE,NA,NA
"134","#earthquake #<U+C9C0><U+C9C4> #<U+5730><U+9707> ird2016tlls (OK) East of North Island, N.Z. MLv 4.5 2016/10/03 15:35:23 https://t.co/i2TvxyMV1I https://t.co/GZlwk3GM7R",FALSE,0,NA,2016-10-03 22:26:30,FALSE,NA,"783070751913947136",NA,"<a href=""http://www.seisme.nc"" rel=""nofollow"">Twurl2</a>","NCseismicobserv",0,FALSE,FALSE,NA,NA
"135","#<U+C9C0><U+C9C4> 06:22:39 [Report 2] Kushiro offing M3.5 Depth 50km Maximum seismic intensity 2 #Earthquake",FALSE,0,NA,2016-10-03 21:22:46,FALSE,NA,"783054711599489025",NA,"<a href=""http://kyomoniex.web.fc2.com/"" rel=""nofollow"">Earthquake Monitor Ex (<U+5F37><U+9707><U+30E2><U+30CB><U+30BF>Ex)</a>","IEgg_95",0,FALSE,FALSE,NA,NA
"136","#earthquake #<U+C9C0><U+C9C4> #<U+5730><U+9707> ird2016tlfy (OK) SE of Loyalty Islands MLv 3.7 2016/10/03 12:42:40 https://t.co/Ub7grpn6W5 https://t.co/7UbyspiscK",FALSE,1,NA,2016-10-03 20:56:24,FALSE,NA,"783048076910956544",NA,"<a href=""http://www.seisme.nc"" rel=""nofollow"">Twurl2</a>","NCseismicobserv",0,FALSE,FALSE,NA,NA
"137","#earthquake #<U+C9C0><U+C9C4> #<U+5730><U+9707> ird2016tlcr (OK) Loyalty Islands MLv 2.9 2016/10/03 11:04:42 https://t.co/8MTM7KKaMa https://t.co/wLRgFQ1XPV",FALSE,0,NA,2016-10-03 20:49:37,FALSE,NA,"783046368742866944",NA,"<a href=""http://www.seisme.nc"" rel=""nofollow"">Twurl2</a>","NCseismicobserv",0,FALSE,FALSE,NA,NA
"138","#earthquake #<U+C9C0><U+C9C4> #<U+5730><U+9707> ird2016tkzj (OK) Off E. Coast of N. Is., NZ MLv 3.7 2016/10/03 09:20:44 https://t.co/tXRlO4h1BA https://t.co/qVPVgq0PHX",FALSE,0,NA,2016-10-03 20:42:11,FALSE,NA,"783044500465692672",NA,"<a href=""http://www.seisme.nc"" rel=""nofollow"">Twurl2</a>","NCseismicobserv",0,FALSE,FALSE,NA,NA
"139","#earthquake #<U+C9C0><U+C9C4> #<U+5730><U+9707> ird2016tlrk (tmp) South of Fiji Islands mb 4.6 2016/10/03 18:28:34 https://t.co/dlA0lPIjPV https://t.co/X3dyd83sg6",FALSE,0,NA,2016-10-03 18:32:27,FALSE,NA,"783011849532874752",NA,"<a href=""http://www.seisme.nc"" rel=""nofollow"">Twurl2</a>","NCseismicobserv",0,FALSE,FALSE,NA,NA
"140","#earthquake #<U+C9C0><U+C9C4> #<U+5730><U+9707> ird2016tkvp (OK) E. New Guinea Reg., P.N.G. mb 4.4 2016/10/03 07:27:52 https://t.co/JgMuy23TuS https://t.co/T6fWtjmE5P",FALSE,0,NA,2016-10-03 10:36:41,FALSE,NA,"782892118205313024",NA,"<a href=""http://www.seisme.nc"" rel=""nofollow"">Twurl2</a>","NCseismicobserv",0,FALSE,FALSE,NA,NA
"141","#earthquake #<U+C9C0><U+C9C4> #<U+5730><U+9707> ird2016tkto (OK) Off E. Coast of N. Is., NZ MLv 4.7 2016/10/03 06:25:38 https://t.co/W46W9fY6iA https://t.co/lAmb6WpxhS",FALSE,0,NA,2016-10-03 10:30:18,FALSE,NA,"782890514571943936",NA,"<a href=""http://www.seisme.nc"" rel=""nofollow"">Twurl2</a>","NCseismicobserv",0,FALSE,FALSE,NA,NA
"142","@expatcoffeeclub had a couple of earthquakes here too... unusual for Korea! #<U+C9C0><U+C9C4>",FALSE,1,"expatcoffeeclub",2016-10-03 10:21:23,FALSE,"781066460290355201","782888267620360193","760183298865893377","<a href=""http://twitter.com/download/android"" rel=""nofollow"">Twitter for Android</a>","luhb89",0,FALSE,FALSE,NA,NA
"143","#earthquake #<U+C9C0><U+C9C4> #<U+5730><U+9707> ird2016tkto (tmp) Off E. Coast of N. Is., NZ mb 4.8 2016/10/03 06:25:33 https://t.co/W46W9fY6iA https://t.co/tHfIeRnnwm",FALSE,0,NA,2016-10-03 06:36:07,FALSE,NA,"782831577650782208",NA,"<a href=""http://www.seisme.nc"" rel=""nofollow"">Twurl2</a>","NCseismicobserv",0,FALSE,FALSE,NA,NA
"144","#earthquake #<U+C9C0><U+C9C4> #<U+5730><U+9707> ird2016tkkw (OK) Fiji Islands Region mb 4.5 2016/10/03 02:02:21 https://t.co/uhbWzok7X4 https://t.co/0AbzvFOt1M",FALSE,0,NA,2016-10-03 02:19:38,FALSE,NA,"782767032458588160",NA,"<a href=""http://www.seisme.nc"" rel=""nofollow"">Twurl2</a>","NCseismicobserv",0,FALSE,FALSE,NA,NA
"145","#earthquake #<U+C9C0><U+C9C4> #<U+5730><U+9707> ird2016tkcv (OK) North Island, New Zealand MLv 3.1 2016/10/02 22:00:05 https://t.co/17CjdFHJCS https://t.co/pdX3vVmBQq",FALSE,0,NA,2016-10-02 22:29:15,FALSE,NA,"782709056246943744",NA,"<a href=""http://www.seisme.nc"" rel=""nofollow"">Twurl2</a>","NCseismicobserv",0,FALSE,FALSE,NA,NA
"146","#earthquake #<U+C9C0><U+C9C4> #<U+5730><U+9707> ird2016tkbg (OK) Vanuatu Islands Region MLv 3.9 2016/10/02 21:15:47 https://t.co/VioMdGaKiq https://t.co/OkO4TTSi3M",FALSE,0,NA,2016-10-02 21:30:40,FALSE,NA,"782694313369018368",NA,"<a href=""http://www.seisme.nc"" rel=""nofollow"">Twurl2</a>","NCseismicobserv",0,FALSE,FALSE,NA,NA
"147","#earthquake #<U+C9C0><U+C9C4> #<U+5730><U+9707> ird2016tjzq (OK) Off E. Coast of N. Is., NZ MLv 5.2 2016/10/02 20:21:41 https://t.co/4A5oSJvOfN https://t.co/2fPXQywDTm",FALSE,0,NA,2016-10-02 21:25:24,FALSE,NA,"782692987633401856",NA,"<a href=""http://www.seisme.nc"" rel=""nofollow"">Twurl2</a>","NCseismicobserv",0,FALSE,FALSE,NA,NA
"148","#earthquake #<U+C9C0><U+C9C4> #<U+5730><U+9707> ird2016tjwg (OK) Vanuatu Islands mb 4.2 2016/10/02 18:41:27 https://t.co/BzaGGTrvdW https://t.co/carlFzVqC6",FALSE,0,NA,2016-10-02 21:22:28,FALSE,NA,"782692250597806080",NA,"<a href=""http://www.seisme.nc"" rel=""nofollow"">Twurl2</a>","NCseismicobserv",0,FALSE,FALSE,NA,NA
"149","#earthquake #<U+C9C0><U+C9C4> #<U+5730><U+9707> ird2016tjum (OK) Loyalty Islands MLv 2.1 2016/10/02 17:48:36 https://t.co/0JGNAuulJM https://t.co/eulHq8HFGp",FALSE,0,NA,2016-10-02 21:13:59,FALSE,NA,"782690115441143808",NA,"<a href=""http://www.seisme.nc"" rel=""nofollow"">Twurl2</a>","NCseismicobserv",0,FALSE,FALSE,NA,NA
"150","#earthquake #<U+C9C0><U+C9C4> #<U+5730><U+9707> ird2016tjkz (OK) Off E. Coast of N. Is., NZ MLv 4.6 2016/10/02 12:57:15 https://t.co/tK0NuJozgR https://t.co/x4s4BPxDwe",FALSE,0,NA,2016-10-02 21:02:46,FALSE,NA,"782687289222713344",NA,"<a href=""http://www.seisme.nc"" rel=""nofollow"">Twurl2</a>","NCseismicobserv",0,FALSE,FALSE,NA,NA
